Workbook

Sheet Ingredients
A1: Cosmetic Ingredient Database (100 Ingredients) - Formulation Reference
A2: Category | B2: Scientific / INCI Name | C2: Safe Usage % | D2: Min Safe % | E2: Max Safe % | F2: EU Regulatory Restriction (EC 1223/2009) | G2: USA Regulatory Restriction (FDA) | H2: Source | I2: Common Issues | J2: pH Range | K2: Temperature Stability | L2: Interactions / Reactivity | M2: Incompatible With | N2: Sensitization Risk | O2: Your Formulation % (input)
A3: Humectants | B3: Glycerin | C3: 3% - 10% | D3: 3 | E3: 10 | F3: No specific restriction | G3: No specific restriction; GRAS | H3: EU CosIng | I3: Sticky/tacky feel at high %; can feel heavy in humid climates | J3: 4 - 8 | K3: Stable up to 100°C | L3: Hygroscopic, draws moisture from air | M3: None significant | N3: Low
A4: Humectants | B4: Propylene Glycol | C4: 2% - 10% | D4: 2 | E4: 10 | F4: No specific restriction | G4: No specific restriction | H4: EU CosIng / FDA GRAS | I4: Contact irritation/dermatitis in sensitive skin at high % | J4: 4 - 7 | K4: Stable | L4: Penetration enhancer for other actives | M4: None major | N4: Medium
A5: Humectants | B5: Butylene Glycol | C5: 2% - 10% | D5: 2 | E5: 10 | F5: No specific restriction | G5: No specific restriction | H5: EU CosIng | I5: Mild irritant at high concentration | J5: 4 - 7 | K5: Stable | L5: Solvent; boosts preservative efficacy | M5: None | N5: Low
A6: Humectants | B6: Sodium Hyaluronate | C6: 0.1% - 2% | D6: 0.1 | E6: 2 | F6: No specific restriction | G6: No specific restriction | H6: EU CosIng | I6: Can dehydrate skin in low humidity if used without occlusive | J6: 5 - 7 | K6: Degrades above 80°C | L6: Binds water; synergizes with occlusives | M6: None | N6: Low
A7: Humectants | B7: Sodium PCA | C7: 1% - 5% | D7: 1 | E7: 5 | F7: No specific restriction | G7: No specific restriction | H7: EU CosIng | I7: Minimal, generally well tolerated | J7: 5 - 7 | K7: Stable | L7: None major | M7: None | N7: Low
A8: Humectants | B8: Urea | C8: 2% - 10% | D8: 2 | E8: 10 | F8: Max 10% (higher % requires irritation warning) - Annex III | G8: No specific FDA limit for cosmetic use | H8: EU Annex III | I8: Stinging on broken/sensitive skin above 10% | J8: 4 - 7 | K8: Stable | L8: Keratolytic; enhances penetration of other actives | M8: Strong oxidizers | N8: Low-Medium
A9: Humectants | B9: Betaine | C9: 1% - 5% | D9: 1 | E9: 5 | F9: No specific restriction | G9: No specific restriction | H9: EU CosIng | I9: None common | J9: 4 - 7 | K9: Stable | L9: Osmoprotectant | M9: None | N9: Low
A10: Humectants | B10: Panthenol | C10: Up to 5% | D10: 0.5 | E10: 5 | F10: No specific restriction | G10: No specific restriction | H10: EU CosIng | I10: Rare | J10: 5 - 7 | K10: Sensitive to prolonged high heat | L10: Converts to Vitamin B5/pantothenic acid | M10: Strong oxidizers | N10: Low
A11: Humectants | B11: Honey Extract (Mel Extract) | C11: 1% - 10% | D11: 1 | E11: 10 | F11: No specific restriction | G11: No specific restriction | H11: EU CosIng | I11: Possible allergy in bee-product-sensitive users | J11: 4 - 6 | K11: Degrades with high heat | L11: Mild antibacterial activity | M11: None | N11: Medium
A12: Humectants | B12: Aloe Barbadensis Leaf Juice | C12: 10% - 90% (as base) | D12: 10 | E12: 90 | F12: No specific restriction | G12: No specific restriction | H12: EU CosIng | I12: Rare allergic reaction; needs robust preservation | J12: 4 - 5 | K12: Heat sensitive | L12: Soothing, mild film former | M12: None | N12: Low
A13: Emollients & Moisturizers | B13: Squalane | C13: Up to 100% (oil phase) | D13: 0.1 | E13: 100 | F13: No specific restriction | G13: No specific restriction | H13: EU CosIng | I13: Rarely comedogenic in very acne-prone skin | J13: N/A | K13: Stable; oxidizes slowly | L13: Needs antioxidant for long shelf life | M13: None | N13: Low
A14: Emollients & Moisturizers | B14: Shea Butter (Butyrospermum Parkii) | C14: 1% - 30% | D14: 1 | E14: 30 | F14: No specific restriction; nut-allergen labeling | G14: No specific restriction | H14: EU CosIng | I14: Possible tree-nut-derived allergy | J14: N/A | K14: Melts ~35°C | L14: None major | M14: None | N14: Medium
... A102: Essential Oils & Fragrance | B102: Linalool (isolated fragrance compound) | C102: Trace - 1% | D102: 0.01 | E102: 1 | F102: Mandatory labeling if >0.001% leave-on / 0.01% rinse-off - Annex III | G102: No specific restriction | H102: EU Annex III (allergen list) | I102: Oxidizes into more allergenic hydroperoxides on air exposure | J102: N/A | K102: Oxidizes readily | L102: Increases sensitization potential when oxidized | M102: None | N102: Medium-High
A104: Traffic-light legend for 'Your Formulation %' column: GREEN = within the safe usage range (Min-Max) - YELLOW = above the max but within +15% (caution / near limit) - RED = more than 15% above the max, or below the minimum effective %.
A105: Sources & disclaimer: Values compiled as general formulation-science reference points (EU Regulation EC 1223/2009 Annexes/CosIng, US FDA OTC Monographs, CIR opinions). This is an educational reference, not legal or regulatory advice. Always verify current limits against the official EU CosIng database and FDA resources before formulation, labeling, or claims decisions.

Sheet Category Summary
A1: Ingredient Count by Category
A3: Category | B3: Number of Ingredients
A4: Humectants | B4: =COUNTIF(Ingredients!$A$3:$A$102,A4) -> 10
A5: Emollients & Moisturizers | B5: =COUNTIF(Ingredients!$A$3:$A$102,A5) -> 10
A6: Active Ingredients - Brightening | B6: =COUNTIF(Ingredients!$A$3:$A$102,A6) -> 10
A7: Active Ingredients - Anti-Aging | B7: =COUNTIF(Ingredients!$A$3:$A$102,A7) -> 10
A8: Active Ingredients - Acne & Exfoliating | B8: =COUNTIF(Ingredients!$A$3:$A$102,A8) -> 10
A9: Preservatives | B9: =COUNTIF(Ingredients!$A$3:$A$102,A9) -> 10
A10: Emulsifiers & Surfactants | B10: =COUNTIF(Ingredients!$A$3:$A$102,A10) -> 10
A11: Antioxidants | B11: =COUNTIF(Ingredients!$A$3:$A$102,A11) -> 10
A12: UV Filters | B12: =COUNTIF(Ingredients!$A$3:$A$102,A12) -> 10
A13: Essential Oils & Fragrance | B13: =COUNTIF(Ingredients!$A$3:$A$102,A13) -> 10
A14: TOTAL | B14: =SUM(B4:B13) -> 100

Sheet Lookup Tool
A1: Ingredient Lookup Tool
A3: Type or select an ingredient name (INCI): | B3: Retinol
A5: Category (INDEX/MATCH) | B5: =IFERROR(INDEX(Ingredients!$A$3:$A$102,MATCH($B$3,Ingredients!$B$3:$B$102,0)),"Not found") -> Active Ingredients - Anti-Aging
A6: Safe Usage % (VLOOKUP) | B6: =IFERROR(VLOOKUP($B$3,Ingredients!$B$3:$N$102,2,FALSE()),"Not found") -> 0.1% - 1%
A7: Min Safe % (VLOOKUP) | B7: =IFERROR(VLOOKUP($B$3,Ingredients!$B$3:$N$102,3,FALSE()),"Not found") -> 0.1
A8: Max Safe % (VLOOKUP) | B8: =IFERROR(VLOOKUP($B$3,Ingredients!$B$3:$N$102,4,FALSE()),"Not found") -> 1
A9: EU Regulatory Restriction (VLOOKUP) | B9: =IFERROR(VLOOKUP($B$3,Ingredients!$B$3:$N$102,5,FALSE()),"Not found") -> Max 0.3% face products / 0.05% body lotion (2024 update) - Annex III
A10: USA Regulatory Restriction (VLOOKUP) | B10: =IFERROR(VLOOKUP($B$3,Ingredients!$B$3:$N$102,6,FALSE()),"Not found") -> No specific FDA concentration limit
A11: Source (VLOOKUP) | B11: =IFERROR(VLOOKUP($B$3,Ingredients!$B$3:$N$102,7,FALSE()),"Not found") -> EU Annex III (2024)
A12: Common Issues (VLOOKUP) | B12: =IFERROR(VLOOKUP($B$3,Ingredients!$B$3:$N$102,8,FALSE()),"Not found") -> Irritation, peeling, photosensitivity (retinization)
A13: pH Range (VLOOKUP) | B13: =IFERROR(VLOOKUP($B$3,Ingredients!$B$3:$N$102,9,FALSE()),"Not found") -> 5.5 - 6
A14: Temperature Stability (VLOOKUP) | B14: =IFERROR(VLOOKUP($B$3,Ingredients!$B$3:$N$102,10,FALSE()),"Not found") -> Unstable; degrades with light/heat/air
A15: Interactions / Reactivity (VLOOKUP) | B15: =IFERROR(VLOOKUP($B$3,Ingredients!$B$3:$N$102,11,FALSE()),"Not found") -> Degrades with Benzoyl Peroxide and AHA/BHA (pH mismatch/oxidation)
A16: Incompatible With (VLOOKUP) | B16: =IFERROR(VLOOKUP($B$3,Ingredients!$B$3:$N$102,12,FALSE()),"Not found") -> Benzoyl Peroxide, Vitamin C, strong acids
A17: Sensitization Risk (VLOOKUP) | B17: =IFERROR(VLOOKUP($B$3,Ingredients!$B$3:$N$102,13,FALSE()),"Not found") -> Medium
A19: Note: XLOOKUP is not used because it is not reliably supported for automatic recalculation in all spreadsheet engines (older Excel versions, LibreOffice). VLOOKUP and INDEX/MATCH return the same result and work in every version of Excel. The 'Category' field uses INDEX/MATCH because it sits to the LEFT of the search key (VLOOKUP can only look to columns on the right of the key column). If your recipient uses Excel 365, you can replace any VLOOKUP formula with, e.g.: =XLOOKUP($B$3,Ingredients!$B$3:$B$102,Ingredients!$C$3:$C$102,"Not found")
